Workbook

Sheet FU
B1: Conversion Chart
A2: Flush Tank FU | B2: Flow GPM | C2: Flush Valve FU | D2: Flow GPM
A3: 0 | B3: 0 | C3: 0 | D3: 0
A4: =A3+1 -> 1 | B4: 2 | C4: =C3+1 -> 1 | D4: 0
A5: =A4+1 -> 2 | B5: 3 | C5: =C4+1 -> 2 | D5: 0
A6: =A5+1 -> 3 | B6: 3 | C6: =C5+1 -> 3 | D6: 0
A7: =A6+1 -> 4 | B7: 4 | C7: =C6+1 -> 4 | D7: 0
A8: =A7+1 -> 5 | B8: 5 | C8: =C7+1 -> 5 | D8: 22
A9: =A8+1 -> 6 | B9: 5 | C9: =C8+1 -> 6 | D9: 23
A10: =A9+1 -> 7 | B10: 6 | C10: =C9+1 -> 7 | D10: 24
A11: =A10+1 -> 8 | B11: 7 | C11: =C10+1 -> 8 | D11: 25
A12: =A11+1 -> 9 | B12: 8 | C12: =C11+1 -> 9 | D12: 26
A13: =A12+1 -> 10 | B13: 8 | C13: =C12+1 -> 10 | D13: 27
A14: =A13+1 -> 11 | B14: 9 | C14: =C13+1 -> 11 | D14: 28
A15: =A14+1 -> 12 | B15: 9 | C15: =C14+1 -> 12 | D15: 29
... A8303: =A8302+1 -> 8300 | B8303: 1000 | C8303: =C8302+1 -> 8300 | D8303: 1000

Sheet FULL CALC
F1: 0 | G1: TOTAL FIXTURE UNITS
F2: =VLOOKUP(F1, FU!$A$3:$B$8303,2,TRUE) -> 0 | G2: TOTAL GPM (FLUSH TANK)
F3: =VLOOKUP(F1, FU!$C$3:$D$8303,2,TRUE) -> 0 | G3: TOTAL GPM (FLUSH VALVE)
F4: 0 | G4: TOTAL DFU
F5: (2) 2" OR (1) 4" | G5: WATER SERVICE SIZE
F6: (2) 6" OR (1) 8" | G6: SANITARY SEWER SIZE
B9: UNIT 1-BR-1
B10: Fixture | C10: Quantity | D10: DFU (EA.) | E10: WSFU (EA.) | F10: WSFU Total | G10: DFU Total
B11: WATER CLOSET (F/T) (PRIVATE) | C11: 1 | D11: 3 | E11: 2.5 | F11: =E11*C11 -> 2.5 | G11: =D11*C11 -> 3
B12: LAVATORY (PRIVATE) | C12: 1 | D12: 1 | E12: 1 | F12: =E12*C12 -> 1 | G12: =D12*C12 -> 1
B13: BATHTUB/SHOWER (PRIVATE) | C13: 0 | D13: 2 | E13: 4 | F13: =E13*C13 -> 0 | G13: =D13*C13 -> 0
B14: SHOWER (PRIVATE) | C14: 1 | D14: 2 | E14: 2 | F14: =E14*C14 -> 2 | G14: =D14*C14 -> 2
B15: WASHING MACHINE (PRIVATE) | C15: 1 | D15: 3 | E15: 4 | F15: =E15*C15 -> 4 | G15: =D15*C15 -> 3
B16: KITCHEN SINK (PRIVATE) | C16: 1 | D16: 2 | E16: 1.5 | F16: =E16*C16 -> 1.5 | G16: =D16*C16 -> 2
F17: SUBTOTAL WSFU | G17: =SUM(F11:F16) -> 11
F18: SUBTOTAL DFU | G18: =SUM(G11:G16) -> 11

Sheet SIMPLE CALC
A1: WATER FU TO GPM CONVERSION
A3: SECTION A
A4: 35.5 | B4: TOTAL FIXTURE UNITS
A5: =VLOOKUP(A4, FU!$A$3:$B$8303,2,TRUE) -> 23 | B5: TOTAL GPM (FLUSH TANK)
A6: =VLOOKUP(A4, FU!$C$3:$D$8303,2,TRUE) -> 45 | B6: TOTAL GPM (FLUSH VALVE)
A7: (2) 2" OR (1) 4" | B7: WATER SERVICE SIZE
A9: SECTION B
A10: 631 | B10: TOTAL FIXTURE UNITS
A11: =VLOOKUP(A10, FU!$A$3:$B$8303,2,TRUE) -> 150 | B11: TOTAL GPM (FLUSH TANK)
A12: =VLOOKUP(A10, FU!$C$3:$D$8303,2,TRUE) -> 165 | B12: TOTAL GPM (FLUSH VALVE)
A13: (2) 2" OR (1) 4" | B13: WATER SERVICE SIZE
A15: SECTION C
A16: 839.5 | B16: TOTAL FIXTURE UNITS
A17: =VLOOKUP(A16, FU!$A$3:$B$8303,2,TRUE) -> 185 | B17: TOTAL GPM (FLUSH TANK)
A18: =VLOOKUP(A16, FU!$C$3:$D$8303,2,TRUE) -> 190 | B18: TOTAL GPM (FLUSH VALVE)
A19: (2) 2" OR (1) 4" | B19: WATER SERVICE SIZE
